Waypoint,Idleness_Values
0,290.448928,288.017745,287.478403,289.013021,295.527776,292.955092,288.012132,292.470946,290.970562
1,289.744033,289.521101,286.474119,290.817667,294.235551,292.646997,289.416485,290.965893,292.072088
2,289.539247,289.221355,287.779879,289.910843,294.633368,290.94483,290.930561,290.060956,294.472913
3,289.431286,288.919149,287.583543,291.415881,294.035513,291.846724,289.420797,290.866859,294.169221
4,288.019288,288.01839,289.490744,291.517193,292.929133,293.152213,289.135493,290.759867,293.261983
5,287.708458,287.217063,289.190148,291.524272,292.832175,292.6408,290.739689,290.563571,293.165976
6,288.505131,285.515067,291.995547,289.719696,294.035374,290.738768,291.457334,290.552942,292.958971
7,286.795992,286.51452,291.09968,292.723435,292.031427,292.146377,288.642098,290.758582,294.477515
8,286.991888,286.514787,289.499223,294.822759,292.737306,290.438287,290.55533,289.947343,295.482979
9,287.79274,287.513745,288.999037,294.923414,293.7426,287.932672,292.26259,291.046504,293.999538
10
11
12
13
14
15
16
17
18
19
20
21
22
23
